{
    "cpython27": {
        "round_1": {
            "1.ttr.text": {
                "elapsed": 0.7184209823608398
            },
            "2.ttr.text": {
                "elapsed": 7.936266183853149
            },
            "3.ttr.text": {
                "elapsed": 7.9948039054870605
            }
        },
        "round_2": {
            "1.ttr.text": {
                "elapsed": 0.29010677337646484
            },
            "2.ttr.text": {
                "elapsed": 7.5896689891815186
            },
            "3.ttr.text": {
                "elapsed": 7.58930516242981
            }
        }
    },
    "pypy2": {
        "round_1": {
            "1.ttr.text": {
                "elapsed": 0.6714389324188232
            },
            "2.ttr.text": {
                "elapsed": 10.529261112213135
            },
            "3.ttr.text": {
                "elapsed": 10.384090900421143
            }
        },
        "round_2": {
            "1.ttr.text": {
                "elapsed": 0.4146549701690674
            },
            "2.ttr.text": {
                "elapsed": 9.072674036026001
            },
            "3.ttr.text": {
                "elapsed": 9.11495304107666
            }
        }
    },
    "go": {
        "round_1": {
            "1.ttr.text": {
                "elapsed": 2.737987995147705
            },
            "2.ttr.text": {
                "elapsed": 13.679800033569336
            },
            "3.ttr.text": {
                "elapsed": 13.5762939453125
            }
        },
        "round_2": {
            "1.ttr.text": {
                "elapsed": 0.11753273010253906
            },
            "2.ttr.text": {
                "elapsed": 4.180895805358887
            },
            "3.ttr.text": {
                "elapsed": 4.179136276245117
            }
        }
    },
    "rust": {
        "round_1": {
            "1.ttr.text": {
                "elapsed": 0.5981588363647461
            },
            "2.ttr.text": {
                "elapsed": 3.2363739013671875
            },
            "3.ttr.text": {
                "elapsed": 3.2508530616760254
            }
        },
        "round_2": {
            "1.ttr.text": {
                "elapsed": 0.06799602508544922
            },
            "2.ttr.text": {
                "elapsed": 2.606593132019043
            },
            "3.ttr.text": {
                "elapsed": 2.5997769832611084
            }
        }
    }
}
{
    "cpython27": {
        "round_1": {
            "1.ttr.sz": {
                "elapsed": 0.6542720794677734
            },
            "2.ttr.sz": {
                "elapsed": 7.253745079040527
            },
            "3.ttr.sz": {
                "elapsed": 7.210020065307617
            }
        }
    },
    "pypy2": {
        "round_1": {
            "1.ttr.sz": {
                "elapsed": 0.5666599273681641
            },
            "2.ttr.sz": {
                "elapsed": 9.122341871261597
            },
            "3.ttr.sz": {
                "elapsed": 9.09840202331543
            }
        }
    },
    "go": {
        "round_1": {
            "1.ttr.sz": {
                "elapsed": 4.299709796905518
            },
            "2.ttr.sz": {
                "elapsed": 8.006386756896973
            },
            "3.ttr.sz": {
                "elapsed": 8.023987770080566
            }
        }
    },
    "rust": {
        "round_1": {
            "1.ttr.sz": {
                "elapsed": 0.6317989826202393
            },
            "2.ttr.sz": {
                "elapsed": 2.6522750854492188
            },
            "3.ttr.sz": {
                "elapsed": 2.6628270149230957
            }
        }
    }
}
