{
    "cpython27": {
        "round_1": {
            "1.ttr.text": {
                "elapsed": 2247405824.0,
                "ns_per_op": 2247.405824
            },
            "2.ttr.text": {
                "elapsed": 15310674944.0,
                "ns_per_op": 15310.674944
            },
            "3.ttr.text": {
                "elapsed": 15345913856.0,
                "ns_per_op": 15345.913856
            }
        },
        "round_2": {
            "1.ttr.text": {
                "elapsed": 159662080.0,
                "ns_per_op": 1596620.8
            },
            "2.ttr.text": {
                "elapsed": 11452070912.0,
                "ns_per_op": 114520709.12
            },
            "3.ttr.text": {
                "elapsed": 11502659328.0,
                "ns_per_op": 115026593.28
            }
        }
    },
    "pypy2": {
        "round_1": {
            "1.ttr.text": {
                "elapsed": 3055382016.0,
                "ns_per_op": 3055.382016
            },
            "2.ttr.text": {
                "elapsed": 46694870016.0,
                "ns_per_op": 46694.870016
            },
            "3.ttr.text": {
                "elapsed": 46853158144.0,
                "ns_per_op": 46853.158144
            }
        },
        "round_2": {
            "1.ttr.text": {
                "elapsed": 614212096.0,
                "ns_per_op": 6142120.96
            },
            "2.ttr.text": {
                "elapsed": 23690696960.0,
                "ns_per_op": 236906969.6
            },
            "3.ttr.text": {
                "elapsed": 23908214016.0,
                "ns_per_op": 239082140.16
            }
        }
    },
    "go": {
        "round_1": {
            "1.ttr.text": {
                "elapsed": 2191659520.0,
                "ns_per_op": 2191.65952
            },
            "2.ttr.text": {
                "elapsed": 28284446976.0,
                "ns_per_op": 28284.446976
            },
            "3.ttr.text": {
                "elapsed": 28452124928.0,
                "ns_per_op": 28452.124928
            }
        },
        "round_2": {
            "1.ttr.text": {
                "elapsed": 347970304.0,
                "ns_per_op": 3479703.04
            },
            "2.ttr.text": {
                "elapsed": 12386880768.0,
                "ns_per_op": 123868807.68
            },
            "3.ttr.text": {
                "elapsed": 12361171968.0,
                "ns_per_op": 123611719.68
            }
        }
    },
    "rust": {
        "round_1": {
            "1.ttr.text": {
                "elapsed": 1500759296.0,
                "ns_per_op": 1500.759296
            },
            "2.ttr.text": {
                "elapsed": 17520618240.0,
                "ns_per_op": 17520.61824
            },
            "3.ttr.text": {
                "elapsed": 17411493888.0,
                "ns_per_op": 17411.493888
            }
        },
        "round_2": {
            "1.ttr.text": {
                "elapsed": 167445504.0,
                "ns_per_op": 1674455.04
            },
            "2.ttr.text": {
                "elapsed": 12390711040.0,
                "ns_per_op": 123907110.4
            },
            "3.ttr.text": {
                "elapsed": 12403560448.0,
                "ns_per_op": 124035604.48
            }
        }
    }
}
{
    "cpython27": {
        "round_1": {
            "1.ttr.sz.2": {
                "elapsed": 904780032.0,
                "ns_per_op": 904.780032
            },
            "2.ttr.sz.2": {
                "elapsed": 6371279872.0,
                "ns_per_op": 6371.279872
            },
            "3.ttr.sz.2": {
                "elapsed": 6415333120.0,
                "ns_per_op": 6415.33312
            }
        }
    },
    "pypy2": {
        "round_1": {
            "1.ttr.sz.2": {
                "elapsed": 1956726272.0,
                "ns_per_op": 1956.726272
            },
            "2.ttr.sz.2": {
                "elapsed": 20956400896.0,
                "ns_per_op": 20956.400896
            },
            "3.ttr.sz.2": {
                "elapsed": 20854942976.0,
                "ns_per_op": 20854.942976
            }
        }
    },
    "go": {
        "round_1": {
            "1.ttr.sz.2": {
                "elapsed": 845267712.0,
                "ns_per_op": 845.267712
            },
            "2.ttr.sz.2": {
                "elapsed": 14658860800.0,
                "ns_per_op": 14658.8608
            },
            "3.ttr.sz.2": {
                "elapsed": 14171590912.0,
                "ns_per_op": 14171.590912
            }
        }
    },
    "rust": {
        "round_1": {
            "1.ttr.sz.2": {
                "elapsed": 580366336.0,
                "ns_per_op": 580.366336
            },
            "2.ttr.sz.2": {
                "elapsed": 7761270528.0,
                "ns_per_op": 7761.270528
            },
            "3.ttr.sz.2": {
                "elapsed": 7887625984.0,
                "ns_per_op": 7887.625984
            }
        }
    }
}
